{
  "ABIRoot": {
    "kind": "Root",
    "name": "TopLevel",
    "printedName": "TopLevel",
    "children": [
      {
        "kind": "Import",
        "name": "SwiftSyntax",
        "printedName": "SwiftSyntax",
        "declKind": "Import",
        "moduleName": "SwiftRefactor"
      },
      {
        "kind": "TypeDecl",
        "name": "AddSeparatorsToIntegerLiteral",
        "printedName": "AddSeparatorsToIntegerLiteral",
        "children": [
          {
            "kind": "Function",
            "name": "refactor",
            "printedName": "refactor(syntax:in:)",
            "children": [
              {
                "kind": "TypeNominal",
                "name": "Optional",
                "printedName": "SwiftSyntax.IntegerLiteralExprSyntax?",
                "children": [
                  {
                    "kind": "TypeNominal",
                    "name": "IntegerLiteralExprSyntax",
                    "printedName": "SwiftSyntax.IntegerLiteralExprSyntax",
                    "usr": "s:11SwiftSyntax018IntegerLiteralExprB0V"
                  }
                ],
                "usr": "s:Sq"
              },
              {
                "kind": "TypeNominal",
                "name": "IntegerLiteralExprSyntax",
                "printedName": "SwiftSyntax.IntegerLiteralExprSyntax",
                "usr": "s:11SwiftSyntax018IntegerLiteralExprB0V"
              },
              {
                "kind": "TypeNominal",
                "name": "Void",
                "printedName": "()"
              }
            ],
            "declKind": "Func",
            "usr": "s:13SwiftRefactor29AddSeparatorsToIntegerLiteralV8refactor6syntax2in0A6Syntax0fg4ExprK0VSgAI_yttFZ",
            "mangledName": "$s13SwiftRefactor29AddSeparatorsToIntegerLiteralV8refactor6syntax2in0A6Syntax0fg4ExprK0VSgAI_yttFZ",
            "moduleName": "SwiftRefactor",
            "static": true,
            "declAttributes": [
              "AccessControl"
            ],
            "funcSelfKind": "NonMutating"
          }
        ],
        "declKind": "Struct",
        "usr": "s:13SwiftRefactor29AddSeparatorsToIntegerLiteralV",
        "mangledName": "$s13SwiftRefactor29AddSeparatorsToIntegerLiteralV",
        "moduleName": "SwiftRefactor",
        "declAttributes": [
          "AccessControl",
          "RawDocComment"
        ],
        "conformances": [
          {
            "kind": "Conformance",
            "name": "SyntaxRefactoringProvider",
            "printedName": "SyntaxRefactoringProvider",
            "children": [
              {
                "kind": "TypeWitness",
                "name": "Input",
                "printedName": "Input",
                "children": [
                  {
                    "kind": "TypeNominal",
                    "name": "IntegerLiteralExprSyntax",
                    "printedName": "SwiftSyntax.IntegerLiteralExprSyntax",
                    "usr": "s:11SwiftSyntax018IntegerLiteralExprB0V"
                  }
                ]
              },
              {
                "kind": "TypeWitness",
                "name": "Output",
                "printedName": "Output",
                "children": [
                  {
                    "kind": "TypeNominal",
                    "name": "IntegerLiteralExprSyntax",
                    "printedName": "SwiftSyntax.IntegerLiteralExprSyntax",
                    "usr": "s:11SwiftSyntax018IntegerLiteralExprB0V"
                  }
                ]
              },
              {
                "kind": "TypeWitness",
                "name": "Context",
                "printedName": "Context",
                "children": [
                  {
                    "kind": "TypeNominal",
                    "name": "Void",
                    "printedName": "()"
                  }
                ]
              }
            ],
            "usr": "s:13SwiftRefactor25SyntaxRefactoringProviderP",
            "mangledName": "$s13SwiftRefactor25SyntaxRefactoringProviderP"
          },
          {
            "kind": "Conformance",
            "name": "EditRefactoringProvider",
            "printedName": "EditRefactoringProvider",
            "children": [
              {
                "kind": "TypeWitness",
                "name": "Input",
                "printedName": "Input",
                "children": [
                  {
                    "kind": "TypeNominal",
                    "name": "IntegerLiteralExprSyntax",
                    "printedName": "SwiftSyntax.IntegerLiteralExprSyntax",
                    "usr": "s:11SwiftSyntax018IntegerLiteralExprB0V"
                  }
                ]
              },
              {
                "kind": "TypeWitness",
                "name": "Context",
                "printedName": "Context",
                "children": [
                  {
                    "kind": "TypeNominal",
                    "name": "Void",
                    "printedName": "()"
                  }
                ]
              }
            ],
            "usr": "s:13SwiftRefactor23EditRefactoringProviderP",
            "mangledName": "$s13SwiftRefactor23EditRefactoringProviderP"
          }
        ]
      },
      {
        "kind": "Import",
        "name": "SwiftBasicFormat",
        "printedName": "SwiftBasicFormat",
        "declKind": "Import",
        "moduleName": "SwiftRefactor"
      },
      {
        "kind": "Import",
        "name": "SwiftSyntax",
        "printedName": "SwiftSyntax",
        "declKind": "Import",
        "moduleName": "SwiftRefactor"
      },
      {
        "kind": "TypeDecl",
        "name": "CallToTrailingClosures",
        "printedName": "CallToTrailingClosures",
        "children": [
          {
            "kind": "TypeDecl",
            "name": "Context",
            "printedName": "Context",
            "children": [
              {
                "kind": "Var",
                "name": "startAtArgument",
                "printedName": "startAtArgument",
                "children": [
                  {
                    "kind": "TypeNominal",
                    "name": "Int",
                    "printedName": "Swift.Int",
                    "usr": "s:Si"
                  }
                ],
                "declKind": "Var",
                "usr": "s:13SwiftRefactor22CallToTrailingClosuresV7ContextV15startAtArgumentSivp",
                "mangledName": "$s13SwiftRefactor22CallToTrailingClosuresV7ContextV15startAtArgumentSivp",
                "moduleName": "SwiftRefactor",
                "declAttributes": [
                  "HasStorage",
                  "AccessControl"
                ],
                "isLet": true,
                "hasStorage": true,
                "accessors": [
                  {
                    "kind": "Accessor",
                    "name": "Get",
                    "printedName": "Get()",
                    "children": [
                      {
                        "kind": "TypeNominal",
                        "name": "Int",
                        "printedName": "Swift.Int",
                        "usr": "s:Si"
                      }
                    ],
                    "declKind": "Accessor",
                    "usr": "s:13SwiftRefactor22CallToTrailingClosuresV7ContextV15startAtArgumentSivg",
                    "mangledName": "$s13SwiftRefactor22CallToTrailingClosuresV7ContextV15startAtArgumentSivg",
                    "moduleName": "SwiftRefactor",
                    "implicit": true,
                    "accessorKind": "get"
                  }
                ]
              },
              {
                "kind": "Constructor",
                "name": "init",
                "printedName": "init(startAtArgument:)",
                "children": [
                  {
                    "kind": "TypeNominal",
                    "name": "Context",
                    "printedName": "SwiftRefactor.CallToTrailingClosures.Context",
                    "usr": "s:13SwiftRefactor22CallToTrailingClosuresV7ContextV"
                  },
                  {
                    "kind": "TypeNominal",
                    "name": "Int",
                    "printedName": "Swift.Int",
                    "hasDefaultArg": true,
                    "usr": "s:Si"
                  }
                ],
                "declKind": "Constructor",
                "usr": "s:13SwiftRefactor22CallToTrailingClosuresV7ContextV15startAtArgumentAESi_tcfc",
                "mangledName": "$s13SwiftRefactor22CallToTrailingClosuresV7ContextV15startAtArgumentAESi_tcfc",
                "moduleName": "SwiftRefactor",
                "declAttributes": [
                  "AccessControl"
                ],
                "init_kind": "Designated"
              }
            ],
            "declKind": "Struct",
            "usr": "s:13SwiftRefactor22CallToTrailingClosuresV7ContextV",
            "mangledName": "$s13SwiftRefactor22CallToTrailingClosuresV7ContextV",
            "moduleName": "SwiftRefactor",
            "declAttributes": [
              "AccessControl"
            ]
          },
          {
            "kind": "Function",
            "name": "refactor",
            "printedName": "refactor(syntax:in:)",
            "children": [
              {
                "kind": "TypeNominal",
                "name": "Optional",
                "printedName": "SwiftSyntax.FunctionCallExprSyntax?",
                "children": [
                  {
                    "kind": "TypeNominal",
                    "name": "FunctionCallExprSyntax",
                    "printedName": "SwiftSyntax.FunctionCallExprSyntax",
                    "usr": "s:11SwiftSyntax016FunctionCallExprB0V"
                  }
                ],
                "usr": "s:Sq"
              },
              {
                "kind": "TypeNominal",
                "name": "FunctionCallExprSyntax",
                "printedName": "SwiftSyntax.FunctionCallExprSyntax",
                "usr": "s:11SwiftSyntax016FunctionCallExprB0V"
              },
              {
                "kind": "TypeNominal",
                "name": "Context",
                "printedName": "SwiftRefactor.CallToTrailingClosures.Context",
                "hasDefaultArg": true,
                "usr": "s:13SwiftRefactor22CallToTrailingClosuresV7ContextV"
              }
            ],
            "declKind": "Func",
            "usr": "s:13SwiftRefactor22CallToTrailingClosuresV8refactor6syntax2in0A6Syntax08Functionc4ExprJ0VSgAI_AC7ContextVtFZ",
            "mangledName": "$s13SwiftRefactor22CallToTrailingClosuresV8refactor6syntax2in0A6Syntax08Functionc4ExprJ0VSgAI_AC7ContextVtFZ",
            "moduleName": "SwiftRefactor",
            "static": true,
            "declAttributes": [
              "AccessControl",
              "RawDocComment"
            ],
            "funcSelfKind": "NonMutating"
          }
        ],
        "declKind": "Struct",
        "usr": "s:13SwiftRefactor22CallToTrailingClosuresV",
        "mangledName": "$s13SwiftRefactor22CallToTrailingClosuresV",
        "moduleName": "SwiftRefactor",
        "declAttributes": [
          "AccessControl",
          "RawDocComment"
        ],
        "conformances": [
          {
            "kind": "Conformance",
            "name": "SyntaxRefactoringProvider",
            "printedName": "SyntaxRefactoringProvider",
            "children": [
              {
                "kind": "TypeWitness",
                "name": "Input",
                "printedName": "Input",
                "children": [
                  {
                    "kind": "TypeNominal",
                    "name": "FunctionCallExprSyntax",
                    "printedName": "SwiftSyntax.FunctionCallExprSyntax",
                    "usr": "s:11SwiftSyntax016FunctionCallExprB0V"
                  }
                ]
              },
              {
                "kind": "TypeWitness",
                "name": "Output",
                "printedName": "Output",
                "children": [
                  {
                    "kind": "TypeNominal",
                    "name": "FunctionCallExprSyntax",
                    "printedName": "SwiftSyntax.FunctionCallExprSyntax",
                    "usr": "s:11SwiftSyntax016FunctionCallExprB0V"
                  }
                ]
              },
              {
                "kind": "TypeWitness",
                "name": "Context",
                "printedName": "Context",
                "children": [
                  {
                    "kind": "TypeNominal",
                    "name": "Context",
                    "printedName": "SwiftRefactor.CallToTrailingClosures.Context",
                    "usr": "s:13SwiftRefactor22CallToTrailingClosuresV7ContextV"
                  }
                ]
              }
            ],
            "usr": "s:13SwiftRefactor25SyntaxRefactoringProviderP",
            "mangledName": "$s13SwiftRefactor25SyntaxRefactoringProviderP"
          },
          {
            "kind": "Conformance",
            "name": "EditRefactoringProvider",
            "printedName": "EditRefactoringProvider",
            "children": [
              {
                "kind": "TypeWitness",
                "name": "Input",
                "printedName": "Input",
                "children": [
                  {
                    "kind": "TypeNominal",
                    "name": "FunctionCallExprSyntax",
                    "printedName": "SwiftSyntax.FunctionCallExprSyntax",
                    "usr": "s:11SwiftSyntax016FunctionCallExprB0V"
                  }
                ]
              },
              {
                "kind": "TypeWitness",
                "name": "Context",
                "printedName": "Context",
                "children": [
                  {
                    "kind": "TypeNominal",
                    "name": "Context",
                    "printedName": "SwiftRefactor.CallToTrailingClosures.Context",
                    "usr": "s:13SwiftRefactor22CallToTrailingClosuresV7ContextV"
                  }
                ]
              }
            ],
            "usr": "s:13SwiftRefactor23EditRefactoringProviderP",
            "mangledName": "$s13SwiftRefactor23EditRefactoringProviderP"
          }
        ]
      },
      {
        "kind": "Import",
        "name": "SwiftSyntax",
        "printedName": "SwiftSyntax",
        "declKind": "Import",
        "moduleName": "SwiftRefactor"
      },
      {
        "kind": "TypeDecl",
        "name": "ConvertComputedPropertyToStored",
        "printedName": "ConvertComputedPropertyToStored",
        "children": [
          {
            "kind": "Function",
            "name": "refactor",
            "printedName": "refactor(syntax:in:)",
            "children": [
              {
                "kind": "TypeNominal",
                "name": "Optional",
                "printedName": "SwiftSyntax.VariableDeclSyntax?",
                "children": [
                  {
                    "kind": "TypeNominal",
                    "name": "VariableDeclSyntax",
                    "printedName": "SwiftSyntax.VariableDeclSyntax",
                    "usr": "s:11SwiftSyntax012VariableDeclB0V"
                  }
                ],
                "usr": "s:Sq"
              },
              {
                "kind": "TypeNominal",
                "name": "VariableDeclSyntax",
                "printedName": "SwiftSyntax.VariableDeclSyntax",
                "usr": "s:11SwiftSyntax012VariableDeclB0V"
              },
              {
                "kind": "TypeNominal",
                "name": "Void",
                "printedName": "()"
              }
            ],
            "declKind": "Func",
            "usr": "s:13SwiftRefactor31ConvertComputedPropertyToStoredV8refactor6syntax2in0A6Syntax012VariableDeclK0VSgAI_yttFZ",
            "mangledName": "$s13SwiftRefactor31ConvertComputedPropertyToStoredV8refactor6syntax2in0A6Syntax012VariableDeclK0VSgAI_yttFZ",
            "moduleName": "SwiftRefactor",
            "static": true,
            "declAttributes": [
              "AccessControl"
            ],
            "funcSelfKind": "NonMutating"
          }
        ],
        "declKind": "Struct",
        "usr": "s:13SwiftRefactor31ConvertComputedPropertyToStoredV",
        "mangledName": "$s13SwiftRefactor31ConvertComputedPropertyToStoredV",
        "moduleName": "SwiftRefactor",
        "declAttributes": [
          "AccessControl"
        ],
        "conformances": [
          {
            "kind": "Conformance",
            "name": "SyntaxRefactoringProvider",
            "printedName": "SyntaxRefactoringProvider",
            "children": [
              {
                "kind": "TypeWitness",
                "name": "Input",
                "printedName": "Input",
                "children": [
                  {
                    "kind": "TypeNominal",
                    "name": "VariableDeclSyntax",
                    "printedName": "SwiftSyntax.VariableDeclSyntax",
                    "usr": "s:11SwiftSyntax012VariableDeclB0V"
                  }
                ]
              },
              {
                "kind": "TypeWitness",
                "name": "Output",
                "printedName": "Output",
                "children": [
                  {
                    "kind": "TypeNominal",
                    "name": "VariableDeclSyntax",
                    "printedName": "SwiftSyntax.VariableDeclSyntax",
                    "usr": "s:11SwiftSyntax012VariableDeclB0V"
                  }
                ]
              },
              {
                "kind": "TypeWitness",
                "name": "Context",
                "printedName": "Context",
                "children": [
                  {
                    "kind": "TypeNominal",
                    "name": "Void",
                    "printedName": "()"
                  }
                ]
              }
            ],
            "usr": "s:13SwiftRefactor25SyntaxRefactoringProviderP",
            "mangledName": "$s13SwiftRefactor25SyntaxRefactoringProviderP"
          },
          {
            "kind": "Conformance",
            "name": "EditRefactoringProvider",
            "printedName": "EditRefactoringProvider",
            "children": [
              {
                "kind": "TypeWitness",
                "name": "Input",
                "printedName": "Input",
                "children": [
                  {
                    "kind": "TypeNominal",
                    "name": "VariableDeclSyntax",
                    "printedName": "SwiftSyntax.VariableDeclSyntax",
                    "usr": "s:11SwiftSyntax012VariableDeclB0V"
                  }
                ]
              },
              {
                "kind": "TypeWitness",
                "name": "Context",
                "printedName": "Context",
                "children": [
                  {
                    "kind": "TypeNominal",
                    "name": "Void",
                    "printedName": "()"
                  }
                ]
              }
            ],
            "usr": "s:13SwiftRefactor23EditRefactoringProviderP",
            "mangledName": "$s13SwiftRefactor23EditRefactoringProviderP"
          }
        ]
      },
      {
        "kind": "Import",
        "name": "SwiftSyntax",
        "printedName": "SwiftSyntax",
        "declKind": "Import",
        "moduleName": "SwiftRefactor"
      },
      {
        "kind": "TypeDecl",
        "name": "ConvertComputedPropertyToZeroParameterFunction",
        "printedName": "ConvertComputedPropertyToZeroParameterFunction",
        "children": [
          {
            "kind": "Function",
            "name": "refactor",
            "printedName": "refactor(syntax:in:)",
            "children": [
              {
                "kind": "TypeNominal",
                "name": "Optional",
                "printedName": "SwiftSyntax.FunctionDeclSyntax?",
                "children": [
                  {
                    "kind": "TypeNominal",
                    "name": "FunctionDeclSyntax",
                    "printedName": "SwiftSyntax.FunctionDeclSyntax",
                    "usr": "s:11SwiftSyntax012FunctionDeclB0V"
                  }
                ],
                "usr": "s:Sq"
              },
              {
                "kind": "TypeNominal",
                "name": "VariableDeclSyntax",
                "printedName": "SwiftSyntax.VariableDeclSyntax",
                "usr": "s:11SwiftSyntax012VariableDeclB0V"
              },
              {
                "kind": "TypeNominal",
                "name": "Void",
                "printedName": "()"
              }
            ],
            "declKind": "Func",
            "usr": "s:13SwiftRefactor46ConvertComputedPropertyToZeroParameterFunctionV8refactor6syntax2in0A6Syntax0i4DeclM0VSgAG08VariablenM0V_yttFZ",
            "mangledName": "$s13SwiftRefactor46ConvertComputedPropertyToZeroParameterFunctionV8refactor6syntax2in0A6Syntax0i4DeclM0VSgAG08VariablenM0V_yttFZ",
            "moduleName": "SwiftRefactor",
            "static": true,
            "declAttributes": [
              "AccessControl"
            ],
            "funcSelfKind": "NonMutating"
          }
        ],
        "declKind": "Struct",
        "usr": "s:13SwiftRefactor46ConvertComputedPropertyToZeroParameterFunctionV",
        "mangledName": "$s13SwiftRefactor46ConvertComputedPropertyToZeroParameterFunctionV",
        "moduleName": "SwiftRefactor",
        "declAttributes": [
          "AccessControl"
        ],
        "conformances": [
          {
            "kind": "Conformance",
            "name": "SyntaxRefactoringProvider",
            "printedName": "SyntaxRefactoringProvider",
            "children": [
              {
                "kind": "TypeWitness",
                "name": "Input",
                "printedName": "Input",
                "children": [
                  {
                    "kind": "TypeNominal",
                    "name": "VariableDeclSyntax",
                    "printedName": "SwiftSyntax.VariableDeclSyntax",
                    "usr": "s:11SwiftSyntax012VariableDeclB0V"
                  }
                ]
              },
              {
                "kind": "TypeWitness",
                "name": "Output",
                "printedName": "Output",
                "children": [
                  {
                    "kind": "TypeNominal",
                    "name": "FunctionDeclSyntax",
                    "printedName": "SwiftSyntax.FunctionDeclSyntax",
                    "usr": "s:11SwiftSyntax012FunctionDeclB0V"
                  }
                ]
              },
              {
                "kind": "TypeWitness",
                "name": "Context",
                "printedName": "Context",
                "children": [
                  {
                    "kind": "TypeNominal",
                    "name": "Void",
                    "printedName": "()"
                  }
                ]
              }
            ],
            "usr": "s:13SwiftRefactor25SyntaxRefactoringProviderP",
            "mangledName": "$s13SwiftRefactor25SyntaxRefactoringProviderP"
          },
          {
            "kind": "Conformance",
            "name": "EditRefactoringProvider",
            "printedName": "EditRefactoringProvider",
            "children": [
              {
                "kind": "TypeWitness",
                "name": "Input",
                "printedName": "Input",
                "children": [
                  {
                    "kind": "TypeNominal",
                    "name": "VariableDeclSyntax",
                    "printedName": "SwiftSyntax.VariableDeclSyntax",
                    "usr": "s:11SwiftSyntax012VariableDeclB0V"
                  }
                ]
              },
              {
                "kind": "TypeWitness",
                "name": "Context",
                "printedName": "Context",
                "children": [
                  {
                    "kind": "TypeNominal",
                    "name": "Void",
                    "printedName": "()"
                  }
                ]
              }
            ],
            "usr": "s:13SwiftRefactor23EditRefactoringProviderP",
            "mangledName": "$s13SwiftRefactor23EditRefactoringProviderP"
          }
        ]
      },
      {
        "kind": "Import",
        "name": "SwiftSyntax",
        "printedName": "SwiftSyntax",
        "declKind": "Import",
        "moduleName": "SwiftRefactor"
      },
      {
        "kind": "TypeDecl",
        "name": "ConvertStoredPropertyToComputed",
        "printedName": "ConvertStoredPropertyToComputed",
        "children": [
          {
            "kind": "Function",
            "name": "refactor",
            "printedName": "refactor(syntax:in:)",
            "children": [
              {
                "kind": "TypeNominal",
                "name": "Optional",
                "printedName": "SwiftSyntax.VariableDeclSyntax?",
                "children": [
                  {
                    "kind": "TypeNominal",
                    "name": "VariableDeclSyntax",
                    "printedName": "SwiftSyntax.VariableDeclSyntax",
                    "usr": "s:11SwiftSyntax012VariableDeclB0V"
                  }
                ],
                "usr": "s:Sq"
              },
              {
                "kind": "TypeNominal",
                "name": "VariableDeclSyntax",
                "printedName": "SwiftSyntax.VariableDeclSyntax",
                "usr": "s:11SwiftSyntax012VariableDeclB0V"
              },
              {
                "kind": "TypeNominal",
                "name": "Void",
                "printedName": "()"
              }
            ],
            "declKind": "Func",
            "usr": "s:13SwiftRefactor31ConvertStoredPropertyToComputedV8refactor6syntax2in0A6Syntax012VariableDeclK0VSgAI_yttFZ",
            "mangledName": "$s13SwiftRefactor31ConvertStoredPropertyToComputedV8refactor6syntax2in0A6Syntax012VariableDeclK0VSgAI_yttFZ",
            "moduleName": "SwiftRefactor",
            "static": true,
            "declAttributes": [
              "AccessControl"
            ],
            "funcSelfKind": "NonMutating"
          }
        ],
        "declKind": "Struct",
        "usr": "s:13SwiftRefactor31ConvertStoredPropertyToComputedV",
        "mangledName": "$s13SwiftRefactor31ConvertStoredPropertyToComputedV",
        "moduleName": "SwiftRefactor",
        "declAttributes": [
          "AccessControl"
        ],
        "conformances": [
          {
            "kind": "Conformance",
            "name": "SyntaxRefactoringProvider",
            "printedName": "SyntaxRefactoringProvider",
            "children": [
              {
                "kind": "TypeWitness",
                "name": "Input",
                "printedName": "Input",
                "children": [
                  {
                    "kind": "TypeNominal",
                    "name": "VariableDeclSyntax",
                    "printedName": "SwiftSyntax.VariableDeclSyntax",
                    "usr": "s:11SwiftSyntax012VariableDeclB0V"
                  }
                ]
              },
              {
                "kind": "TypeWitness",
                "name": "Output",
                "printedName": "Output",
                "children": [
                  {
                    "kind": "TypeNominal",
                    "name": "VariableDeclSyntax",
                    "printedName": "SwiftSyntax.VariableDeclSyntax",
                    "usr": "s:11SwiftSyntax012VariableDeclB0V"
                  }
                ]
              },
              {
                "kind": "TypeWitness",
                "name": "Context",
                "printedName": "Context",
                "children": [
                  {
                    "kind": "TypeNominal",
                    "name": "Void",
                    "printedName": "()"
                  }
                ]
              }
            ],
            "usr": "s:13SwiftRefactor25SyntaxRefactoringProviderP",
            "mangledName": "$s13SwiftRefactor25SyntaxRefactoringProviderP"
          },
          {
            "kind": "Conformance",
            "name": "EditRefactoringProvider",
            "printedName": "EditRefactoringProvider",
            "children": [
              {
                "kind": "TypeWitness",
                "name": "Input",
                "printedName": "Input",
                "children": [
                  {
                    "kind": "TypeNominal",
                    "name": "VariableDeclSyntax",
                    "printedName": "SwiftSyntax.VariableDeclSyntax",
                    "usr": "s:11SwiftSyntax012VariableDeclB0V"
                  }
                ]
              },
              {
                "kind": "TypeWitness",
                "name": "Context",
                "printedName": "Context",
                "children": [
                  {
                    "kind": "TypeNominal",
                    "name": "Void",
                    "printedName": "()"
                  }
                ]
              }
            ],
            "usr": "s:13SwiftRefactor23EditRefactoringProviderP",
            "mangledName": "$s13SwiftRefactor23EditRefactoringProviderP"
          }
        ]
      },
      {
        "kind": "Import",
        "name": "SwiftSyntax",
        "printedName": "SwiftSyntax",
        "declKind": "Import",
        "moduleName": "SwiftRefactor"
      },
      {
        "kind": "TypeDecl",
        "name": "ConvertZeroParameterFunctionToComputedProperty",
        "printedName": "ConvertZeroParameterFunctionToComputedProperty",
        "children": [
          {
            "kind": "Function",
            "name": "refactor",
            "printedName": "refactor(syntax:in:)",
            "children": [
              {
                "kind": "TypeNominal",
                "name": "Optional",
                "printedName": "SwiftSyntax.VariableDeclSyntax?",
                "children": [
                  {
                    "kind": "TypeNominal",
                    "name": "VariableDeclSyntax",
                    "printedName": "SwiftSyntax.VariableDeclSyntax",
                    "usr": "s:11SwiftSyntax012VariableDeclB0V"
                  }
                ],
                "usr": "s:Sq"
              },
              {
                "kind": "TypeNominal",
                "name": "FunctionDeclSyntax",
                "printedName": "SwiftSyntax.FunctionDeclSyntax",
                "usr": "s:11SwiftSyntax012FunctionDeclB0V"
              },
              {
                "kind": "TypeNominal",
                "name": "Void",
                "printedName": "()"
              }
            ],
            "declKind": "Func",
            "usr": "s:13SwiftRefactor46ConvertZeroParameterFunctionToComputedPropertyV8refactor6syntax2in0A6Syntax012VariableDeclM0VSgAG0foM0V_yttFZ",
            "mangledName": "$s13SwiftRefactor46ConvertZeroParameterFunctionToComputedPropertyV8refactor6syntax2in0A6Syntax012VariableDeclM0VSgAG0foM0V_yttFZ",
            "moduleName": "SwiftRefactor",
            "static": true,
            "declAttributes": [
              "AccessControl"
            ],
            "funcSelfKind": "NonMutating"
          }
        ],
        "declKind": "Struct",
        "usr": "s:13SwiftRefactor46ConvertZeroParameterFunctionToComputedPropertyV",
        "mangledName": "$s13SwiftRefactor46ConvertZeroParameterFunctionToComputedPropertyV",
        "moduleName": "SwiftRefactor",
        "declAttributes": [
          "AccessControl"
        ],
        "conformances": [
          {
            "kind": "Conformance",
            "name": "SyntaxRefactoringProvider",
            "printedName": "SyntaxRefactoringProvider",
            "children": [
              {
                "kind": "TypeWitness",
                "name": "Input",
                "printedName": "Input",
                "children": [
                  {
                    "kind": "TypeNominal",
                    "name": "FunctionDeclSyntax",
                    "printedName": "SwiftSyntax.FunctionDeclSyntax",
                    "usr": "s:11SwiftSyntax012FunctionDeclB0V"
                  }
                ]
              },
              {
                "kind": "TypeWitness",
                "name": "Output",
                "printedName": "Output",
                "children": [
                  {
                    "kind": "TypeNominal",
                    "name": "VariableDeclSyntax",
                    "printedName": "SwiftSyntax.VariableDeclSyntax",
                    "usr": "s:11SwiftSyntax012VariableDeclB0V"
                  }
                ]
              },
              {
                "kind": "TypeWitness",
                "name": "Context",
                "printedName": "Context",
                "children": [
                  {
                    "kind": "TypeNominal",
                    "name": "Void",
                    "printedName": "()"
                  }
                ]
              }
            ],
            "usr": "s:13SwiftRefactor25SyntaxRefactoringProviderP",
            "mangledName": "$s13SwiftRefactor25SyntaxRefactoringProviderP"
          },
          {
            "kind": "Conformance",
            "name": "EditRefactoringProvider",
            "printedName": "EditRefactoringProvider",
            "children": [
              {
                "kind": "TypeWitness",
                "name": "Input",
                "printedName": "Input",
                "children": [
                  {
                    "kind": "TypeNominal",
                    "name": "FunctionDeclSyntax",
                    "printedName": "SwiftSyntax.FunctionDeclSyntax",
                    "usr": "s:11SwiftSyntax012FunctionDeclB0V"
                  }
                ]
              },
              {
                "kind": "TypeWitness",
                "name": "Context",
                "printedName": "Context",
                "children": [
                  {
                    "kind": "TypeNominal",
                    "name": "Void",
                    "printedName": "()"
                  }
                ]
              }
            ],
            "usr": "s:13SwiftRefactor23EditRefactoringProviderP",
            "mangledName": "$s13SwiftRefactor23EditRefactoringProviderP"
          }
        ]
      },
      {
        "kind": "Import",
        "name": "SwiftBasicFormat",
        "printedName": "SwiftBasicFormat",
        "declKind": "Import",
        "moduleName": "SwiftRefactor"
      },
      {
        "kind": "Import",
        "name": "SwiftParser",
        "printedName": "SwiftParser",
        "declKind": "Import",
        "moduleName": "SwiftRefactor"
      },
      {
        "kind": "Import",
        "name": "SwiftSyntax",
        "printedName": "SwiftSyntax",
        "declKind": "Import",
        "moduleName": "SwiftRefactor",
        "declAttributes": [
          "SPIAccessControl"
        ]
      },
      {
        "kind": "Import",
        "name": "SwiftSyntaxBuilder",
        "printedName": "SwiftSyntaxBuilder",
        "declKind": "Import",
        "moduleName": "SwiftRefactor"
      },
      {
        "kind": "TypeDecl",
        "name": "ExpandEditorPlaceholder",
        "printedName": "ExpandEditorPlaceholder",
        "children": [
          {
            "kind": "TypeDecl",
            "name": "Context",
            "printedName": "Context",
            "children": [
              {
                "kind": "Var",
                "name": "indentationWidth",
                "printedName": "indentationWidth",
                "children": [
                  {
                    "kind": "TypeNominal",
                    "name": "Optional",
                    "printedName": "SwiftSyntax.Trivia?",
                    "children": [
                      {
                        "kind": "TypeNominal",
                        "name": "Trivia",
                        "printedName": "SwiftSyntax.Trivia",
                        "usr": "s:11SwiftSyntax6TriviaV"
                      }
                    ],
                    "usr": "s:Sq"
                  }
                ],
                "declKind": "Var",
                "usr": "s:13SwiftRefactor23ExpandEditorPlaceholderV7ContextV16indentationWidth0A6Syntax6TriviaVSgvp",
                "mangledName": "$s13SwiftRefactor23ExpandEditorPlaceholderV7ContextV16indentationWidth0A6Syntax6TriviaVSgvp",
                "moduleName": "SwiftRefactor",
                "declAttributes": [
                  "HasStorage",
                  "AccessControl"
                ],
                "isLet": true,
                "hasStorage": true,
                "accessors": [
                  {
                    "kind": "Accessor",
                    "name": "Get",
                    "printedName": "Get()",
                    "children": [
                      {
                        "kind": "TypeNominal",
                        "name": "Optional",
                        "printedName": "SwiftSyntax.Trivia?",
                        "children": [
                          {
                            "kind": "TypeNominal",
                            "name": "Trivia",
                            "printedName": "SwiftSyntax.Trivia",
                            "usr": "s:11SwiftSyntax6TriviaV"
                          }
                        ],
                        "usr": "s:Sq"
                      }
                    ],
                    "declKind": "Accessor",
                    "usr": "s:13SwiftRefactor23ExpandEditorPlaceholderV7ContextV16indentationWidth0A6Syntax6TriviaVSgvg",
                    "mangledName": "$s13SwiftRefactor23ExpandEditorPlaceholderV7ContextV16indentationWidth0A6Syntax6TriviaVSgvg",
                    "moduleName": "SwiftRefactor",
                    "implicit": true,
                    "accessorKind": "get"
                  }
                ]
              },
              {
                "kind": "Constructor",
                "name": "init",
                "printedName": "init(indentationWidth:)",
                "children": [
                  {
                    "kind": "TypeNominal",
                    "name": "Context",
                    "printedName": "SwiftRefactor.ExpandEditorPlaceholder.Context",
                    "usr": "s:13SwiftRefactor23ExpandEditorPlaceholderV7ContextV"
                  },
                  {
                    "kind": "TypeNominal",
                    "name": "Optional",
                    "printedName": "SwiftSyntax.Trivia?",
                    "children": [
                      {
                        "kind": "TypeNominal",
                        "name": "Trivia",
                        "printedName": "SwiftSyntax.Trivia",
                        "usr": "s:11SwiftSyntax6TriviaV"
                      }
                    ],
                    "hasDefaultArg": true,
                    "usr": "s:Sq"
                  }
                ],
                "declKind": "Constructor",
                "usr": "s:13SwiftRefactor23ExpandEditorPlaceholderV7ContextV16indentationWidthAE0A6Syntax6TriviaVSg_tcfc",
                "mangledName": "$s13SwiftRefactor23ExpandEditorPlaceholderV7ContextV16indentationWidthAE0A6Syntax6TriviaVSg_tcfc",
                "moduleName": "SwiftRefactor",
                "declAttributes": [
                  "AccessControl"
                ],
                "init_kind": "Designated"
              }
            ],
            "declKind": "Struct",
            "usr": "s:13SwiftRefactor23ExpandEditorPlaceholderV7ContextV",
            "mangledName": "$s13SwiftRefactor23ExpandEditorPlaceholderV7ContextV",
            "moduleName": "SwiftRefactor",
            "declAttributes": [
              "AccessControl"
            ]
          },
          {
            "kind": "Function",
            "name": "textRefactor",
            "printedName": "textRefactor(syntax:in:)",
            "children": [
              {
                "kind": "TypeNominal",
                "name": "Array",
                "printedName": "[SwiftSyntax.SourceEdit]",
                "children": [
                  {
                    "kind": "TypeNominal",
                    "name": "SourceEdit",
                    "printedName": "SwiftSyntax.SourceEdit",
                    "usr": "s:11SwiftSyntax10SourceEditV"
                  }
                ],
                "usr": "s:Sa"
              },
              {
                "kind": "TypeNominal",
                "name": "TokenSyntax",
                "printedName": "SwiftSyntax.TokenSyntax",
                "usr": "s:11SwiftSyntax05TokenB0V"
              },
              {
                "kind": "TypeNominal",
                "name": "Context",
                "printedName": "SwiftRefactor.ExpandEditorPlaceholder.Context",
                "hasDefaultArg": true,
                "usr": "s:13SwiftRefactor23ExpandEditorPlaceholderV7ContextV"
              }
            ],
            "declKind": "Func",
            "usr": "s:13SwiftRefactor23ExpandEditorPlaceholderV04textB06syntax2inSay0A6Syntax10SourceEditVGAG05TokenI0V_AC7ContextVtFZ",
            "mangledName": "$s13SwiftRefactor23ExpandEditorPlaceholderV04textB06syntax2inSay0A6Syntax10SourceEditVGAG05TokenI0V_AC7ContextVtFZ",
            "moduleName": "SwiftRefactor",
            "static": true,
            "declAttributes": [
              "AccessControl"
            ],
            "funcSelfKind": "NonMutating"
          }
        ],
        "declKind": "Struct",
        "usr": "s:13SwiftRefactor23ExpandEditorPlaceholderV",
        "mangledName": "$s13SwiftRefactor23ExpandEditorPlaceholderV",
        "moduleName": "SwiftRefactor",
        "declAttributes": [
          "AccessControl",
          "RawDocComment"
        ],
        "conformances": [
          {
            "kind": "Conformance",
            "name": "EditRefactoringProvider",
            "printedName": "EditRefactoringProvider",
            "children": [
              {
                "kind": "TypeWitness",
                "name": "Input",
                "printedName": "Input",
                "children": [
                  {
                    "kind": "TypeNominal",
                    "name": "TokenSyntax",
                    "printedName": "SwiftSyntax.TokenSyntax",
                    "usr": "s:11SwiftSyntax05TokenB0V"
                  }
                ]
              },
              {
                "kind": "TypeWitness",
                "name": "Context",
                "printedName": "Context",
                "children": [
                  {
                    "kind": "TypeNominal",
                    "name": "Context",
                    "printedName": "SwiftRefactor.ExpandEditorPlaceholder.Context",
                    "usr": "s:13SwiftRefactor23ExpandEditorPlaceholderV7ContextV"
                  }
                ]
              }
            ],
            "usr": "s:13SwiftRefactor23EditRefactoringProviderP",
            "mangledName": "$s13SwiftRefactor23EditRefactoringProviderP"
          }
        ]
      },
      {
        "kind": "TypeDecl",
        "name": "ExpandEditorPlaceholdersToTrailingClosures",
        "printedName": "ExpandEditorPlaceholdersToTrailingClosures",
        "children": [
          {
            "kind": "TypeDecl",
            "name": "Context",
            "printedName": "Context",
            "children": [
              {
                "kind": "Var",
                "name": "indentationWidth",
                "printedName": "indentationWidth",
                "children": [
                  {
                    "kind": "TypeNominal",
                    "name": "Optional",
                    "printedName": "SwiftSyntax.Trivia?",
                    "children": [
                      {
                        "kind": "TypeNominal",
                        "name": "Trivia",
                        "printedName": "SwiftSyntax.Trivia",
                        "usr": "s:11SwiftSyntax6TriviaV"
                      }
                    ],
                    "usr": "s:Sq"
                  }
                ],
                "declKind": "Var",
                "usr": "s:13SwiftRefactor42ExpandEditorPlaceholdersToTrailingClosuresV7ContextV16indentationWidth0A6Syntax6TriviaVSgvp",
                "mangledName": "$s13SwiftRefactor42ExpandEditorPlaceholdersToTrailingClosuresV7ContextV16indentationWidth0A6Syntax6TriviaVSgvp",
                "moduleName": "SwiftRefactor",
                "declAttributes": [
                  "HasStorage",
                  "AccessControl"
                ],
                "isLet": true,
                "hasStorage": true,
                "accessors": [
                  {
                    "kind": "Accessor",
                    "name": "Get",
                    "printedName": "Get()",
                    "children": [
                      {
                        "kind": "TypeNominal",
                        "name": "Optional",
                        "printedName": "SwiftSyntax.Trivia?",
                        "children": [
                          {
                            "kind": "TypeNominal",
                            "name": "Trivia",
                            "printedName": "SwiftSyntax.Trivia",
                            "usr": "s:11SwiftSyntax6TriviaV"
                          }
                        ],
                        "usr": "s:Sq"
                      }
                    ],
                    "declKind": "Accessor",
                    "usr": "s:13SwiftRefactor42ExpandEditorPlaceholdersToTrailingClosuresV7ContextV16indentationWidth0A6Syntax6TriviaVSgvg",
                    "mangledName": "$s13SwiftRefactor42ExpandEditorPlaceholdersToTrailingClosuresV7ContextV16indentationWidth0A6Syntax6TriviaVSgvg",
                    "moduleName": "SwiftRefactor",
                    "implicit": true,
                    "accessorKind": "get"
                  }
                ]
              },
              {
                "kind": "Constructor",
                "name": "init",
                "printedName": "init(indentationWidth:)",
                "children": [
                  {
                    "kind": "TypeNominal",
                    "name": "Context",
                    "printedName": "SwiftRefactor.ExpandEditorPlaceholdersToTrailingClosures.Context",
                    "usr": "s:13SwiftRefactor42ExpandEditorPlaceholdersToTrailingClosuresV7ContextV"
                  },
                  {
                    "kind": "TypeNominal",
                    "name": "Optional",
                    "printedName": "SwiftSyntax.Trivia?",
                    "children": [
                      {
                        "kind": "TypeNominal",
                        "name": "Trivia",
                        "printedName": "SwiftSyntax.Trivia",
                        "usr": "s:11SwiftSyntax6TriviaV"
                      }
                    ],
                    "hasDefaultArg": true,
                    "usr": "s:Sq"
                  }
                ],
                "declKind": "Constructor",
                "usr": "s:13SwiftRefactor42ExpandEditorPlaceholdersToTrailingClosuresV7ContextV16indentationWidthAE0A6Syntax6TriviaVSg_tcfc",
                "mangledName": "$s13SwiftRefactor42ExpandEditorPlaceholdersToTrailingClosuresV7ContextV16indentationWidthAE0A6Syntax6TriviaVSg_tcfc",
                "moduleName": "SwiftRefactor",
                "declAttributes": [
                  "AccessControl"
                ],
                "init_kind": "Designated"
              }
            ],
            "declKind": "Struct",
            "usr": "s:13SwiftRefactor42ExpandEditorPlaceholdersToTrailingClosuresV7ContextV",
            "mangledName": "$s13SwiftRefactor42ExpandEditorPlaceholdersToTrailingClosuresV7ContextV",
            "moduleName": "SwiftRefactor",
            "declAttributes": [
              "AccessControl"
            ]
          },
          {
            "kind": "Function",
            "name": "refactor",
            "printedName": "refactor(syntax:in:)",
            "children": [
              {
                "kind": "TypeNominal",
                "name": "Optional",
                "printedName": "SwiftSyntax.FunctionCallExprSyntax?",
                "children": [
                  {
                    "kind": "TypeNominal",
                    "name": "FunctionCallExprSyntax",
                    "printedName": "SwiftSyntax.FunctionCallExprSyntax",
                    "usr": "s:11SwiftSyntax016FunctionCallExprB0V"
                  }
                ],
                "usr": "s:Sq"
              },
              {
                "kind": "TypeNominal",
                "name": "FunctionCallExprSyntax",
                "printedName": "SwiftSyntax.FunctionCallExprSyntax",
                "usr": "s:11SwiftSyntax016FunctionCallExprB0V"
              },
              {
                "kind": "TypeNominal",
                "name": "Context",
                "printedName": "SwiftRefactor.ExpandEditorPlaceholdersToTrailingClosures.Context",
                "hasDefaultArg": true,
                "usr": "s:13SwiftRefactor42ExpandEditorPlaceholdersToTrailingClosuresV7ContextV"
              }
            ],
            "declKind": "Func",
            "usr": "s:13SwiftRefactor42ExpandEditorPlaceholdersToTrailingClosuresV8refactor6syntax2in0A6Syntax016FunctionCallExprL0VSgAI_AC7ContextVtFZ",
            "mangledName": "$s13SwiftRefactor42ExpandEditorPlaceholdersToTrailingClosuresV8refactor6syntax2in0A6Syntax016FunctionCallExprL0VSgAI_AC7ContextVtFZ",
            "moduleName": "SwiftRefactor",
            "static": true,
            "declAttributes": [
              "AccessControl"
            ],
            "funcSelfKind": "NonMutating"
          }
        ],
        "declKind": "Struct",
        "usr": "s:13SwiftRefactor42ExpandEditorPlaceholdersToTrailingClosuresV",
        "mangledName": "$s13SwiftRefactor42ExpandEditorPlaceholdersToTrailingClosuresV",
        "moduleName": "SwiftRefactor",
        "declAttributes": [
          "AccessControl",
          "RawDocComment"
        ],
        "conformances": [
          {
            "kind": "Conformance",
            "name": "SyntaxRefactoringProvider",
            "printedName": "SyntaxRefactoringProvider",
            "children": [
              {
                "kind": "TypeWitness",
                "name": "Input",
                "printedName": "Input",
                "children": [
                  {
                    "kind": "TypeNominal",
                    "name": "FunctionCallExprSyntax",
                    "printedName": "SwiftSyntax.FunctionCallExprSyntax",
                    "usr": "s:11SwiftSyntax016FunctionCallExprB0V"
                  }
                ]
              },
              {
                "kind": "TypeWitness",
                "name": "Output",
                "printedName": "Output",
                "children": [
                  {
                    "kind": "TypeNominal",
                    "name": "FunctionCallExprSyntax",
                    "printedName": "SwiftSyntax.FunctionCallExprSyntax",
                    "usr": "s:11SwiftSyntax016FunctionCallExprB0V"
                  }
                ]
              },
              {
                "kind": "TypeWitness",
                "name": "Context",
                "printedName": "Context",
                "children": [
                  {
                    "kind": "TypeNominal",
                    "name": "Context",
                    "printedName": "SwiftRefactor.ExpandEditorPlaceholdersToTrailingClosures.Context",
                    "usr": "s:13SwiftRefactor42ExpandEditorPlaceholdersToTrailingClosuresV7ContextV"
                  }
                ]
              }
            ],
            "usr": "s:13SwiftRefactor25SyntaxRefactoringProviderP",
            "mangledName": "$s13SwiftRefactor25SyntaxRefactoringProviderP"
          },
          {
            "kind": "Conformance",
            "name": "EditRefactoringProvider",
            "printedName": "EditRefactoringProvider",
            "children": [
              {
                "kind": "TypeWitness",
                "name": "Input",
                "printedName": "Input",
                "children": [
                  {
                    "kind": "TypeNominal",
                    "name": "FunctionCallExprSyntax",
                    "printedName": "SwiftSyntax.FunctionCallExprSyntax",
                    "usr": "s:11SwiftSyntax016FunctionCallExprB0V"
                  }
                ]
              },
              {
                "kind": "TypeWitness",
                "name": "Context",
                "printedName": "Context",
                "children": [
                  {
                    "kind": "TypeNominal",
                    "name": "Context",
                    "printedName": "SwiftRefactor.ExpandEditorPlaceholdersToTrailingClosures.Context",
                    "usr": "s:13SwiftRefactor42ExpandEditorPlaceholdersToTrailingClosuresV7ContextV"
                  }
                ]
              }
            ],
            "usr": "s:13SwiftRefactor23EditRefactoringProviderP",
            "mangledName": "$s13SwiftRefactor23EditRefactoringProviderP"
          }
        ]
      },
      {
        "kind": "Function",
        "name": "wrapInPlaceholder",
        "printedName": "wrapInPlaceholder(_:)",
        "children": [
          {
            "kind": "TypeNominal",
            "name": "String",
            "printedName": "Swift.String",
            "usr": "s:SS"
          },
          {
            "kind": "TypeNominal",
            "name": "String",
            "printedName": "Swift.String",
            "usr": "s:SS"
          }
        ],
        "declKind": "Func",
        "usr": "s:13SwiftRefactor17wrapInPlaceholderyS2SF",
        "mangledName": "$s13SwiftRefactor17wrapInPlaceholderyS2SF",
        "moduleName": "SwiftRefactor",
        "declAttributes": [
          "AccessControl",
          "SPIAccessControl"
        ],
        "spi_group_names": [
          "Testing"
        ],
        "funcSelfKind": "NonMutating"
      },
      {
        "kind": "Function",
        "name": "wrapInTypePlaceholder",
        "printedName": "wrapInTypePlaceholder(_:type:)",
        "children": [
          {
            "kind": "TypeNominal",
            "name": "String",
            "printedName": "Swift.String",
            "usr": "s:SS"
          },
          {
            "kind": "TypeNominal",
            "name": "String",
            "printedName": "Swift.String",
            "usr": "s:SS"
          },
          {
            "kind": "TypeNominal",
            "name": "String",
            "printedName": "Swift.String",
            "usr": "s:SS"
          }
        ],
        "declKind": "Func",
        "usr": "s:13SwiftRefactor21wrapInTypePlaceholder_4typeS2S_SStF",
        "mangledName": "$s13SwiftRefactor21wrapInTypePlaceholder_4typeS2S_SStF",
        "moduleName": "SwiftRefactor",
        "declAttributes": [
          "AccessControl",
          "SPIAccessControl"
        ],
        "spi_group_names": [
          "Testing"
        ],
        "funcSelfKind": "NonMutating"
      },
      {
        "kind": "Import",
        "name": "SwiftSyntax",
        "printedName": "SwiftSyntax",
        "declKind": "Import",
        "moduleName": "SwiftRefactor"
      },
      {
        "kind": "TypeDecl",
        "name": "FormatRawStringLiteral",
        "printedName": "FormatRawStringLiteral",
        "children": [
          {
            "kind": "Function",
            "name": "refactor",
            "printedName": "refactor(syntax:in:)",
            "children": [
              {
                "kind": "TypeNominal",
                "name": "Optional",
                "printedName": "SwiftSyntax.StringLiteralExprSyntax?",
                "children": [
                  {
                    "kind": "TypeNominal",
                    "name": "StringLiteralExprSyntax",
                    "printedName": "SwiftSyntax.StringLiteralExprSyntax",
                    "usr": "s:11SwiftSyntax017StringLiteralExprB0V"
                  }
                ],
                "usr": "s:Sq"
              },
              {
                "kind": "TypeNominal",
                "name": "StringLiteralExprSyntax",
                "printedName": "SwiftSyntax.StringLiteralExprSyntax",
                "usr": "s:11SwiftSyntax017StringLiteralExprB0V"
              },
              {
                "kind": "TypeNominal",
                "name": "Void",
                "printedName": "()"
              }
            ],
            "declKind": "Func",
            "usr": "s:13SwiftRefactor22FormatRawStringLiteralV8refactor6syntax2in0A6Syntax0ef4ExprJ0VSgAI_yttFZ",
            "mangledName": "$s13SwiftRefactor22FormatRawStringLiteralV8refactor6syntax2in0A6Syntax0ef4ExprJ0VSgAI_yttFZ",
            "moduleName": "SwiftRefactor",
            "static": true,
            "declAttributes": [
              "AccessControl"
            ],
            "funcSelfKind": "NonMutating"
          }
        ],
        "declKind": "Struct",
        "usr": "s:13SwiftRefactor22FormatRawStringLiteralV",
        "mangledName": "$s13SwiftRefactor22FormatRawStringLiteralV",
        "moduleName": "SwiftRefactor",
        "declAttributes": [
          "AccessControl",
          "RawDocComment"
        ],
        "conformances": [
          {
            "kind": "Conformance",
            "name": "SyntaxRefactoringProvider",
            "printedName": "SyntaxRefactoringProvider",
            "children": [
              {
                "kind": "TypeWitness",
                "name": "Input",
                "printedName": "Input",
                "children": [
                  {
                    "kind": "TypeNominal",
                    "name": "StringLiteralExprSyntax",
                    "printedName": "SwiftSyntax.StringLiteralExprSyntax",
                    "usr": "s:11SwiftSyntax017StringLiteralExprB0V"
                  }
                ]
              },
              {
                "kind": "TypeWitness",
                "name": "Output",
                "printedName": "Output",
                "children": [
                  {
                    "kind": "TypeNominal",
                    "name": "StringLiteralExprSyntax",
                    "printedName": "SwiftSyntax.StringLiteralExprSyntax",
                    "usr": "s:11SwiftSyntax017StringLiteralExprB0V"
                  }
                ]
              },
              {
                "kind": "TypeWitness",
                "name": "Context",
                "printedName": "Context",
                "children": [
                  {
                    "kind": "TypeNominal",
                    "name": "Void",
                    "printedName": "()"
                  }
                ]
              }
            ],
            "usr": "s:13SwiftRefactor25SyntaxRefactoringProviderP",
            "mangledName": "$s13SwiftRefactor25SyntaxRefactoringProviderP"
          },
          {
            "kind": "Conformance",
            "name": "EditRefactoringProvider",
            "printedName": "EditRefactoringProvider",
            "children": [
              {
                "kind": "TypeWitness",
                "name": "Input",
                "printedName": "Input",
                "children": [
                  {
                    "kind": "TypeNominal",
                    "name": "StringLiteralExprSyntax",
                    "printedName": "SwiftSyntax.StringLiteralExprSyntax",
                    "usr": "s:11SwiftSyntax017StringLiteralExprB0V"
                  }
                ]
              },
              {
                "kind": "TypeWitness",
                "name": "Context",
                "printedName": "Context",
                "children": [
                  {
                    "kind": "TypeNominal",
                    "name": "Void",
                    "printedName": "()"
                  }
                ]
              }
            ],
            "usr": "s:13SwiftRefactor23EditRefactoringProviderP",
            "mangledName": "$s13SwiftRefactor23EditRefactoringProviderP"
          }
        ]
      },
      {
        "kind": "Import",
        "name": "SwiftSyntax",
        "printedName": "SwiftSyntax",
        "declKind": "Import",
        "moduleName": "SwiftRefactor"
      },
      {
        "kind": "Import",
        "name": "SwiftParser",
        "printedName": "SwiftParser",
        "declKind": "Import",
        "moduleName": "SwiftRefactor"
      },
      {
        "kind": "Import",
        "name": "SwiftSyntax",
        "printedName": "SwiftSyntax",
        "declKind": "Import",
        "moduleName": "SwiftRefactor"
      },
      {
        "kind": "TypeDecl",
        "name": "MigrateToNewIfLetSyntax",
        "printedName": "MigrateToNewIfLetSyntax",
        "children": [
          {
            "kind": "Function",
            "name": "refactor",
            "printedName": "refactor(syntax:in:)",
            "children": [
              {
                "kind": "TypeNominal",
                "name": "Optional",
                "printedName": "SwiftSyntax.IfExprSyntax?",
                "children": [
                  {
                    "kind": "TypeNominal",
                    "name": "IfExprSyntax",
                    "printedName": "SwiftSyntax.IfExprSyntax",
                    "usr": "s:11SwiftSyntax06IfExprB0V"
                  }
                ],
                "usr": "s:Sq"
              },
              {
                "kind": "TypeNominal",
                "name": "IfExprSyntax",
                "printedName": "SwiftSyntax.IfExprSyntax",
                "usr": "s:11SwiftSyntax06IfExprB0V"
              },
              {
                "kind": "TypeNominal",
                "name": "Void",
                "printedName": "()"
              }
            ],
            "declKind": "Func",
            "usr": "s:13SwiftRefactor23MigrateToNewIfLetSyntaxV8refactor6syntax2in0aH00f4ExprH0VSgAI_yttFZ",
            "mangledName": "$s13SwiftRefactor23MigrateToNewIfLetSyntaxV8refactor6syntax2in0aH00f4ExprH0VSgAI_yttFZ",
            "moduleName": "SwiftRefactor",
            "static": true,
            "declAttributes": [
              "AccessControl"
            ],
            "funcSelfKind": "NonMutating"
          }
        ],
        "declKind": "Struct",
        "usr": "s:13SwiftRefactor23MigrateToNewIfLetSyntaxV",
        "mangledName": "$s13SwiftRefactor23MigrateToNewIfLetSyntaxV",
        "moduleName": "SwiftRefactor",
        "declAttributes": [
          "AccessControl",
          "RawDocComment"
        ],
        "conformances": [
          {
            "kind": "Conformance",
            "name": "SyntaxRefactoringProvider",
            "printedName": "SyntaxRefactoringProvider",
            "children": [
              {
                "kind": "TypeWitness",
                "name": "Input",
                "printedName": "Input",
                "children": [
                  {
                    "kind": "TypeNominal",
                    "name": "IfExprSyntax",
                    "printedName": "SwiftSyntax.IfExprSyntax",
                    "usr": "s:11SwiftSyntax06IfExprB0V"
                  }
                ]
              },
              {
                "kind": "TypeWitness",
                "name": "Output",
                "printedName": "Output",
                "children": [
                  {
                    "kind": "TypeNominal",
                    "name": "IfExprSyntax",
                    "printedName": "SwiftSyntax.IfExprSyntax",
                    "usr": "s:11SwiftSyntax06IfExprB0V"
                  }
                ]
              },
              {
                "kind": "TypeWitness",
                "name": "Context",
                "printedName": "Context",
                "children": [
                  {
                    "kind": "TypeNominal",
                    "name": "Void",
                    "printedName": "()"
                  }
                ]
              }
            ],
            "usr": "s:13SwiftRefactor25SyntaxRefactoringProviderP",
            "mangledName": "$s13SwiftRefactor25SyntaxRefactoringProviderP"
          },
          {
            "kind": "Conformance",
            "name": "EditRefactoringProvider",
            "printedName": "EditRefactoringProvider",
            "children": [
              {
                "kind": "TypeWitness",
                "name": "Input",
                "printedName": "Input",
                "children": [
                  {
                    "kind": "TypeNominal",
                    "name": "IfExprSyntax",
                    "printedName": "SwiftSyntax.IfExprSyntax",
                    "usr": "s:11SwiftSyntax06IfExprB0V"
                  }
                ]
              },
              {
                "kind": "TypeWitness",
                "name": "Context",
                "printedName": "Context",
                "children": [
                  {
                    "kind": "TypeNominal",
                    "name": "Void",
                    "printedName": "()"
                  }
                ]
              }
            ],
            "usr": "s:13SwiftRefactor23EditRefactoringProviderP",
            "mangledName": "$s13SwiftRefactor23EditRefactoringProviderP"
          }
        ]
      },
      {
        "kind": "Import",
        "name": "SwiftSyntax",
        "printedName": "SwiftSyntax",
        "declKind": "Import",
        "moduleName": "SwiftRefactor"
      },
      {
        "kind": "TypeDecl",
        "name": "OpaqueParameterToGeneric",
        "printedName": "OpaqueParameterToGeneric",
        "children": [
          {
            "kind": "Function",
            "name": "refactor",
            "printedName": "refactor(syntax:in:)",
            "children": [
              {
                "kind": "TypeNominal",
                "name": "Optional",
                "printedName": "SwiftSyntax.DeclSyntax?",
                "children": [
                  {
                    "kind": "TypeNominal",
                    "name": "DeclSyntax",
                    "printedName": "SwiftSyntax.DeclSyntax",
                    "usr": "s:11SwiftSyntax04DeclB0V"
                  }
                ],
                "usr": "s:Sq"
              },
              {
                "kind": "TypeNominal",
                "name": "DeclSyntax",
                "printedName": "SwiftSyntax.DeclSyntax",
                "usr": "s:11SwiftSyntax04DeclB0V"
              },
              {
                "kind": "TypeNominal",
                "name": "Void",
                "printedName": "()"
              }
            ],
            "declKind": "Func",
            "usr": "s:13SwiftRefactor24OpaqueParameterToGenericV8refactor6syntax2in0A6Syntax04DeclJ0VSgAI_yttFZ",
            "mangledName": "$s13SwiftRefactor24OpaqueParameterToGenericV8refactor6syntax2in0A6Syntax04DeclJ0VSgAI_yttFZ",
            "moduleName": "SwiftRefactor",
            "static": true,
            "declAttributes": [
              "AccessControl"
            ],
            "funcSelfKind": "NonMutating"
          }
        ],
        "declKind": "Struct",
        "usr": "s:13SwiftRefactor24OpaqueParameterToGenericV",
        "mangledName": "$s13SwiftRefactor24OpaqueParameterToGenericV",
        "moduleName": "SwiftRefactor",
        "declAttributes": [
          "AccessControl",
          "RawDocComment"
        ],
        "conformances": [
          {
            "kind": "Conformance",
            "name": "SyntaxRefactoringProvider",
            "printedName": "SyntaxRefactoringProvider",
            "children": [
              {
                "kind": "TypeWitness",
                "name": "Input",
                "printedName": "Input",
                "children": [
                  {
                    "kind": "TypeNominal",
                    "name": "DeclSyntax",
                    "printedName": "SwiftSyntax.DeclSyntax",
                    "usr": "s:11SwiftSyntax04DeclB0V"
                  }
                ]
              },
              {
                "kind": "TypeWitness",
                "name": "Output",
                "printedName": "Output",
                "children": [
                  {
                    "kind": "TypeNominal",
                    "name": "DeclSyntax",
                    "printedName": "SwiftSyntax.DeclSyntax",
                    "usr": "s:11SwiftSyntax04DeclB0V"
                  }
                ]
              },
              {
                "kind": "TypeWitness",
                "name": "Context",
                "printedName": "Context",
                "children": [
                  {
                    "kind": "TypeNominal",
                    "name": "Void",
                    "printedName": "()"
                  }
                ]
              }
            ],
            "usr": "s:13SwiftRefactor25SyntaxRefactoringProviderP",
            "mangledName": "$s13SwiftRefactor25SyntaxRefactoringProviderP"
          },
          {
            "kind": "Conformance",
            "name": "EditRefactoringProvider",
            "printedName": "EditRefactoringProvider",
            "children": [
              {
                "kind": "TypeWitness",
                "name": "Input",
                "printedName": "Input",
                "children": [
                  {
                    "kind": "TypeNominal",
                    "name": "DeclSyntax",
                    "printedName": "SwiftSyntax.DeclSyntax",
                    "usr": "s:11SwiftSyntax04DeclB0V"
                  }
                ]
              },
              {
                "kind": "TypeWitness",
                "name": "Context",
                "printedName": "Context",
                "children": [
                  {
                    "kind": "TypeNominal",
                    "name": "Void",
                    "printedName": "()"
                  }
                ]
              }
            ],
            "usr": "s:13SwiftRefactor23EditRefactoringProviderP",
            "mangledName": "$s13SwiftRefactor23EditRefactoringProviderP"
          }
        ]
      },
      {
        "kind": "Import",
        "name": "SwiftSyntax",
        "printedName": "SwiftSyntax",
        "declKind": "Import",
        "moduleName": "SwiftRefactor"
      },
      {
        "kind": "TypeDecl",
        "name": "EditRefactoringProvider",
        "printedName": "EditRefactoringProvider",
        "children": [
          {
            "kind": "AssociatedType",
            "name": "Input",
            "printedName": "Input",
            "declKind": "AssociatedType",
            "usr": "s:13SwiftRefactor23EditRefactoringProviderP5InputQa",
            "mangledName": "$s13SwiftRefactor23EditRefactoringProviderP5InputQa",
            "moduleName": "SwiftRefactor",
            "protocolReq": true,
            "declAttributes": [
              "RawDocComment"
            ]
          },
          {
            "kind": "AssociatedType",
            "name": "Context",
            "printedName": "Context",
            "children": [
              {
                "kind": "TypeNominal",
                "name": "Void",
                "printedName": "()"
              }
            ],
            "declKind": "AssociatedType",
            "usr": "s:13SwiftRefactor23EditRefactoringProviderP7ContextQa",
            "mangledName": "$s13SwiftRefactor23EditRefactoringProviderP7ContextQa",
            "moduleName": "SwiftRefactor",
            "protocolReq": true,
            "declAttributes": [
              "RawDocComment"
            ]
          },
          {
            "kind": "Function",
            "name": "textRefactor",
            "printedName": "textRefactor(syntax:in:)",
            "children": [
              {
                "kind": "TypeNominal",
                "name": "Array",
                "printedName": "[SwiftSyntax.SourceEdit]",
                "children": [
                  {
                    "kind": "TypeNominal",
                    "name": "SourceEdit",
                    "printedName": "SwiftSyntax.SourceEdit",
                    "usr": "s:11SwiftSyntax10SourceEditV"
                  }
                ],
                "usr": "s:Sa"
              },
              {
                "kind": "TypeNominal",
                "name": "DependentMember",
                "printedName": "τ_0_0.Input"
              },
              {
                "kind": "TypeNominal",
                "name": "DependentMember",
                "printedName": "τ_0_0.Context"
              }
            ],
            "declKind": "Func",
            "usr": "s:13SwiftRefactor23EditRefactoringProviderP04textB06syntax2inSay0A6Syntax06SourceC0VG5InputQz_7ContextQztFZ",
            "mangledName": "$s13SwiftRefactor23EditRefactoringProviderP04textB06syntax2inSay0A6Syntax06SourceC0VG5InputQz_7ContextQztFZ",
            "moduleName": "SwiftRefactor",
            "genericSig": "<τ_0_0 where τ_0_0 : SwiftRefactor.EditRefactoringProvider>",
            "sugared_genericSig": "<Self where Self : SwiftRefactor.EditRefactoringProvider>",
            "static": true,
            "protocolReq": true,
            "declAttributes": [
              "RawDocComment"
            ],
            "reqNewWitnessTableEntry": true,
            "funcSelfKind": "NonMutating"
          },
          {
            "kind": "Function",
            "name": "textRefactor",
            "printedName": "textRefactor(syntax:)",
            "children": [
              {
                "kind": "TypeNominal",
                "name": "Array",
                "printedName": "[SwiftSyntax.SourceEdit]",
                "children": [
                  {
                    "kind": "TypeNominal",
                    "name": "SourceEdit",
                    "printedName": "SwiftSyntax.SourceEdit",
                    "usr": "s:11SwiftSyntax10SourceEditV"
                  }
                ],
                "usr": "s:Sa"
              },
              {
                "kind": "TypeNominal",
                "name": "DependentMember",
                "printedName": "τ_0_0.Input"
              }
            ],
            "declKind": "Func",
            "usr": "s:13SwiftRefactor23EditRefactoringProviderPAAyt7ContextRtzrlE04textB06syntaxSay0A6Syntax06SourceC0VG5InputQz_tFZ",
            "mangledName": "$s13SwiftRefactor23EditRefactoringProviderPAAyt7ContextRtzrlE04textB06syntaxSay0A6Syntax06SourceC0VG5InputQz_tFZ",
            "moduleName": "SwiftRefactor",
            "genericSig": "<τ_0_0 where τ_0_0 : SwiftRefactor.EditRefactoringProvider, τ_0_0.Context == ()>",
            "sugared_genericSig": "<Self where Self : SwiftRefactor.EditRefactoringProvider, Self.Context == ()>",
            "static": true,
            "declAttributes": [
              "AccessControl",
              "RawDocComment"
            ],
            "isFromExtension": true,
            "funcSelfKind": "NonMutating"
          }
        ],
        "declKind": "Protocol",
        "usr": "s:13SwiftRefactor23EditRefactoringProviderP",
        "mangledName": "$s13SwiftRefactor23EditRefactoringProviderP",
        "moduleName": "SwiftRefactor",
        "genericSig": "<τ_0_0.Input : SwiftSyntax.SyntaxProtocol>",
        "sugared_genericSig": "<Self.Input : SwiftSyntax.SyntaxProtocol>",
        "declAttributes": [
          "AccessControl",
          "RawDocComment"
        ]
      },
      {
        "kind": "TypeDecl",
        "name": "SyntaxRefactoringProvider",
        "printedName": "SyntaxRefactoringProvider",
        "children": [
          {
            "kind": "AssociatedType",
            "name": "Input",
            "printedName": "Input",
            "children": [
              {
                "kind": "TypeNominal",
                "name": "MissingSyntax",
                "printedName": "SwiftSyntax.MissingSyntax",
                "usr": "s:11SwiftSyntax07MissingB0V"
              }
            ],
            "declKind": "AssociatedType",
            "usr": "s:13SwiftRefactor25SyntaxRefactoringProviderP5InputQa",
            "mangledName": "$s13SwiftRefactor25SyntaxRefactoringProviderP5InputQa",
            "moduleName": "SwiftRefactor",
            "protocolReq": true,
            "overriding": true,
            "declAttributes": [
              "RawDocComment"
            ]
          },
          {
            "kind": "AssociatedType",
            "name": "Output",
            "printedName": "Output",
            "declKind": "AssociatedType",
            "usr": "s:13SwiftRefactor25SyntaxRefactoringProviderP6OutputQa",
            "mangledName": "$s13SwiftRefactor25SyntaxRefactoringProviderP6OutputQa",
            "moduleName": "SwiftRefactor",
            "protocolReq": true,
            "declAttributes": [
              "RawDocComment"
            ]
          },
          {
            "kind": "AssociatedType",
            "name": "Context",
            "printedName": "Context",
            "children": [
              {
                "kind": "TypeNominal",
                "name": "Void",
                "printedName": "()"
              }
            ],
            "declKind": "AssociatedType",
            "usr": "s:13SwiftRefactor25SyntaxRefactoringProviderP7ContextQa",
            "mangledName": "$s13SwiftRefactor25SyntaxRefactoringProviderP7ContextQa",
            "moduleName": "SwiftRefactor",
            "protocolReq": true,
            "overriding": true,
            "declAttributes": [
              "RawDocComment"
            ]
          },
          {
            "kind": "Function",
            "name": "refactor",
            "printedName": "refactor(syntax:in:)",
            "children": [
              {
                "kind": "TypeNominal",
                "name": "Optional",
                "printedName": "τ_0_0.Output?",
                "children": [
                  {
                    "kind": "TypeNominal",
                    "name": "DependentMember",
                    "printedName": "τ_0_0.Output"
                  }
                ],
                "usr": "s:Sq"
              },
              {
                "kind": "TypeNominal",
                "name": "DependentMember",
                "printedName": "τ_0_0.Input"
              },
              {
                "kind": "TypeNominal",
                "name": "DependentMember",
                "printedName": "τ_0_0.Context"
              }
            ],
            "declKind": "Func",
            "usr": "s:13SwiftRefactor25SyntaxRefactoringProviderP8refactor6syntax2in6OutputQzSg5InputQz_7ContextQztFZ",
            "mangledName": "$s13SwiftRefactor25SyntaxRefactoringProviderP8refactor6syntax2in6OutputQzSg5InputQz_7ContextQztFZ",
            "moduleName": "SwiftRefactor",
            "genericSig": "<τ_0_0 where τ_0_0 : SwiftRefactor.SyntaxRefactoringProvider>",
            "sugared_genericSig": "<Self where Self : SwiftRefactor.SyntaxRefactoringProvider>",
            "static": true,
            "protocolReq": true,
            "declAttributes": [
              "RawDocComment"
            ],
            "reqNewWitnessTableEntry": true,
            "funcSelfKind": "NonMutating"
          },
          {
            "kind": "Function",
            "name": "refactor",
            "printedName": "refactor(syntax:)",
            "children": [
              {
                "kind": "TypeNominal",
                "name": "Optional",
                "printedName": "τ_0_0.Output?",
                "children": [
                  {
                    "kind": "TypeNominal",
                    "name": "DependentMember",
                    "printedName": "τ_0_0.Output"
                  }
                ],
                "usr": "s:Sq"
              },
              {
                "kind": "TypeNominal",
                "name": "DependentMember",
                "printedName": "τ_0_0.Input"
              }
            ],
            "declKind": "Func",
            "usr": "s:13SwiftRefactor25SyntaxRefactoringProviderPAAyt7ContextRtzrlE8refactor6syntax6OutputQzSg5InputQz_tFZ",
            "mangledName": "$s13SwiftRefactor25SyntaxRefactoringProviderPAAyt7ContextRtzrlE8refactor6syntax6OutputQzSg5InputQz_tFZ",
            "moduleName": "SwiftRefactor",
            "genericSig": "<τ_0_0 where τ_0_0 : SwiftRefactor.SyntaxRefactoringProvider, τ_0_0.Context == ()>",
            "sugared_genericSig": "<Self where Self : SwiftRefactor.SyntaxRefactoringProvider, Self.Context == ()>",
            "static": true,
            "declAttributes": [
              "AccessControl",
              "RawDocComment"
            ],
            "isFromExtension": true,
            "funcSelfKind": "NonMutating"
          },
          {
            "kind": "Function",
            "name": "textRefactor",
            "printedName": "textRefactor(syntax:in:)",
            "children": [
              {
                "kind": "TypeNominal",
                "name": "Array",
                "printedName": "[SwiftSyntax.SourceEdit]",
                "children": [
                  {
                    "kind": "TypeNominal",
                    "name": "SourceEdit",
                    "printedName": "SwiftSyntax.SourceEdit",
                    "usr": "s:11SwiftSyntax10SourceEditV"
                  }
                ],
                "usr": "s:Sa"
              },
              {
                "kind": "TypeNominal",
                "name": "DependentMember",
                "printedName": "τ_0_0.Input"
              },
              {
                "kind": "TypeNominal",
                "name": "DependentMember",
                "printedName": "τ_0_0.Context"
              }
            ],
            "declKind": "Func",
            "usr": "s:13SwiftRefactor25SyntaxRefactoringProviderPAAE04textB06syntax2inSay0aC010SourceEditVG5InputQz_7ContextQztFZ",
            "mangledName": "$s13SwiftRefactor25SyntaxRefactoringProviderPAAE04textB06syntax2inSay0aC010SourceEditVG5InputQz_7ContextQztFZ",
            "moduleName": "SwiftRefactor",
            "genericSig": "<τ_0_0 where τ_0_0 : SwiftRefactor.SyntaxRefactoringProvider>",
            "sugared_genericSig": "<Self where Self : SwiftRefactor.SyntaxRefactoringProvider>",
            "static": true,
            "declAttributes": [
              "AccessControl",
              "RawDocComment"
            ],
            "isFromExtension": true,
            "funcSelfKind": "NonMutating"
          }
        ],
        "declKind": "Protocol",
        "usr": "s:13SwiftRefactor25SyntaxRefactoringProviderP",
        "mangledName": "$s13SwiftRefactor25SyntaxRefactoringProviderP",
        "moduleName": "SwiftRefactor",
        "genericSig": "<τ_0_0 : SwiftRefactor.EditRefactoringProvider, τ_0_0.Output : SwiftSyntax.SyntaxProtocol>",
        "sugared_genericSig": "<Self : SwiftRefactor.EditRefactoringProvider, Self.Output : SwiftSyntax.SyntaxProtocol>",
        "declAttributes": [
          "AccessControl",
          "RawDocComment"
        ],
        "conformances": [
          {
            "kind": "Conformance",
            "name": "EditRefactoringProvider",
            "printedName": "EditRefactoringProvider",
            "usr": "s:13SwiftRefactor23EditRefactoringProviderP",
            "mangledName": "$s13SwiftRefactor23EditRefactoringProviderP"
          }
        ]
      },
      {
        "kind": "Import",
        "name": "SwiftSyntax",
        "printedName": "SwiftSyntax",
        "declKind": "Import",
        "moduleName": "SwiftRefactor"
      },
      {
        "kind": "TypeDecl",
        "name": "RemoveSeparatorsFromIntegerLiteral",
        "printedName": "RemoveSeparatorsFromIntegerLiteral",
        "children": [
          {
            "kind": "Function",
            "name": "refactor",
            "printedName": "refactor(syntax:in:)",
            "children": [
              {
                "kind": "TypeNominal",
                "name": "Optional",
                "printedName": "SwiftSyntax.IntegerLiteralExprSyntax?",
                "children": [
                  {
                    "kind": "TypeNominal",
                    "name": "IntegerLiteralExprSyntax",
                    "printedName": "SwiftSyntax.IntegerLiteralExprSyntax",
                    "usr": "s:11SwiftSyntax018IntegerLiteralExprB0V"
                  }
                ],
                "usr": "s:Sq"
              },
              {
                "kind": "TypeNominal",
                "name": "IntegerLiteralExprSyntax",
                "printedName": "SwiftSyntax.IntegerLiteralExprSyntax",
                "usr": "s:11SwiftSyntax018IntegerLiteralExprB0V"
              },
              {
                "kind": "TypeNominal",
                "name": "Void",
                "printedName": "()"
              }
            ],
            "declKind": "Func",
            "usr": "s:13SwiftRefactor34RemoveSeparatorsFromIntegerLiteralV8refactor6syntax2in0A6Syntax0fg4ExprK0VSgAI_yttFZ",
            "mangledName": "$s13SwiftRefactor34RemoveSeparatorsFromIntegerLiteralV8refactor6syntax2in0A6Syntax0fg4ExprK0VSgAI_yttFZ",
            "moduleName": "SwiftRefactor",
            "static": true,
            "declAttributes": [
              "AccessControl"
            ],
            "funcSelfKind": "NonMutating"
          }
        ],
        "declKind": "Struct",
        "usr": "s:13SwiftRefactor34RemoveSeparatorsFromIntegerLiteralV",
        "mangledName": "$s13SwiftRefactor34RemoveSeparatorsFromIntegerLiteralV",
        "moduleName": "SwiftRefactor",
        "declAttributes": [
          "AccessControl",
          "RawDocComment"
        ],
        "conformances": [
          {
            "kind": "Conformance",
            "name": "SyntaxRefactoringProvider",
            "printedName": "SyntaxRefactoringProvider",
            "children": [
              {
                "kind": "TypeWitness",
                "name": "Input",
                "printedName": "Input",
                "children": [
                  {
                    "kind": "TypeNominal",
                    "name": "IntegerLiteralExprSyntax",
                    "printedName": "SwiftSyntax.IntegerLiteralExprSyntax",
                    "usr": "s:11SwiftSyntax018IntegerLiteralExprB0V"
                  }
                ]
              },
              {
                "kind": "TypeWitness",
                "name": "Output",
                "printedName": "Output",
                "children": [
                  {
                    "kind": "TypeNominal",
                    "name": "IntegerLiteralExprSyntax",
                    "printedName": "SwiftSyntax.IntegerLiteralExprSyntax",
                    "usr": "s:11SwiftSyntax018IntegerLiteralExprB0V"
                  }
                ]
              },
              {
                "kind": "TypeWitness",
                "name": "Context",
                "printedName": "Context",
                "children": [
                  {
                    "kind": "TypeNominal",
                    "name": "Void",
                    "printedName": "()"
                  }
                ]
              }
            ],
            "usr": "s:13SwiftRefactor25SyntaxRefactoringProviderP",
            "mangledName": "$s13SwiftRefactor25SyntaxRefactoringProviderP"
          },
          {
            "kind": "Conformance",
            "name": "EditRefactoringProvider",
            "printedName": "EditRefactoringProvider",
            "children": [
              {
                "kind": "TypeWitness",
                "name": "Input",
                "printedName": "Input",
                "children": [
                  {
                    "kind": "TypeNominal",
                    "name": "IntegerLiteralExprSyntax",
                    "printedName": "SwiftSyntax.IntegerLiteralExprSyntax",
                    "usr": "s:11SwiftSyntax018IntegerLiteralExprB0V"
                  }
                ]
              },
              {
                "kind": "TypeWitness",
                "name": "Context",
                "printedName": "Context",
                "children": [
                  {
                    "kind": "TypeNominal",
                    "name": "Void",
                    "printedName": "()"
                  }
                ]
              }
            ],
            "usr": "s:13SwiftRefactor23EditRefactoringProviderP",
            "mangledName": "$s13SwiftRefactor23EditRefactoringProviderP"
          }
        ]
      },
      {
        "kind": "Import",
        "name": "SwiftSyntax",
        "printedName": "SwiftSyntax",
        "declKind": "Import",
        "moduleName": "SwiftRefactor"
      },
      {
        "kind": "TypeDecl",
        "name": "IntegerLiteralExprSyntax",
        "printedName": "IntegerLiteralExprSyntax",
        "children": [
          {
            "kind": "Function",
            "name": "split",
            "printedName": "split()",
            "children": [
              {
                "kind": "TypeNominal",
                "name": "Tuple",
                "printedName": "(prefix: Swift.String, value: Swift.Substring)",
                "children": [
                  {
                    "kind": "TypeNominal",
                    "name": "String",
                    "printedName": "Swift.String",
                    "usr": "s:SS"
                  },
                  {
                    "kind": "TypeNominal",
                    "name": "Substring",
                    "printedName": "Swift.Substring",
                    "usr": "s:Ss"
                  }
                ]
              }
            ],
            "declKind": "Func",
            "usr": "s:11SwiftSyntax018IntegerLiteralExprB0V0A8RefactorE5splitSS6prefix_Ss5valuetyF",
            "mangledName": "$s11SwiftSyntax018IntegerLiteralExprB0V0A8RefactorE5splitSS6prefix_Ss5valuetyF",
            "moduleName": "SwiftRefactor",
            "declAttributes": [
              "AccessControl",
              "RawDocComment"
            ],
            "isFromExtension": true,
            "funcSelfKind": "NonMutating"
          }
        ],
        "declKind": "Struct",
        "usr": "s:11SwiftSyntax018IntegerLiteralExprB0V",
        "mangledName": "$s11SwiftSyntax018IntegerLiteralExprB0V",
        "moduleName": "SwiftSyntax",
        "isExternal": true,
        "conformances": [
          {
            "kind": "Conformance",
            "name": "ExprSyntaxProtocol",
            "printedName": "ExprSyntaxProtocol",
            "usr": "s:11SwiftSyntax04ExprB8ProtocolP",
            "mangledName": "$s11SwiftSyntax04ExprB8ProtocolP"
          },
          {
            "kind": "Conformance",
            "name": "SyntaxHashable",
            "printedName": "SyntaxHashable",
            "usr": "s:11SwiftSyntax0B8HashableP",
            "mangledName": "$s11SwiftSyntax0B8HashableP"
          },
          {
            "kind": "Conformance",
            "name": "_LeafExprSyntaxNodeProtocol",
            "printedName": "_LeafExprSyntaxNodeProtocol",
            "usr": "s:11SwiftSyntax09_LeafExprB12NodeProtocolP",
            "mangledName": "$s11SwiftSyntax09_LeafExprB12NodeProtocolP"
          },
          {
            "kind": "Conformance",
            "name": "SyntaxProtocol",
            "printedName": "SyntaxProtocol",
            "usr": "s:11SwiftSyntax0B8ProtocolP",
            "mangledName": "$s11SwiftSyntax0B8ProtocolP"
          },
          {
            "kind": "Conformance",
            "name": "Hashable",
            "printedName": "Hashable",
            "usr": "s:SH",
            "mangledName": "$sSH"
          },
          {
            "kind": "Conformance",
            "name": "CustomStringConvertible",
            "printedName": "CustomStringConvertible",
            "usr": "s:s23CustomStringConvertibleP",
            "mangledName": "$ss23CustomStringConvertibleP"
          },
          {
            "kind": "Conformance",
            "name": "CustomDebugStringConvertible",
            "printedName": "CustomDebugStringConvertible",
            "usr": "s:s28CustomDebugStringConvertibleP",
            "mangledName": "$ss28CustomDebugStringConvertibleP"
          },
          {
            "kind": "Conformance",
            "name": "TextOutputStreamable",
            "printedName": "TextOutputStreamable",
            "usr": "s:s20TextOutputStreamableP",
            "mangledName": "$ss20TextOutputStreamableP"
          },
          {
            "kind": "Conformance",
            "name": "CustomReflectable",
            "printedName": "CustomReflectable",
            "usr": "s:s17CustomReflectableP",
            "mangledName": "$ss17CustomReflectableP"
          },
          {
            "kind": "Conformance",
            "name": "Sendable",
            "printedName": "Sendable",
            "usr": "s:s8SendableP",
            "mangledName": "$ss8SendableP"
          },
          {
            "kind": "Conformance",
            "name": "Equatable",
            "printedName": "Equatable",
            "usr": "s:SQ",
            "mangledName": "$sSQ"
          },
          {
            "kind": "Conformance",
            "name": "ExpressibleByIntegerLiteral",
            "printedName": "ExpressibleByIntegerLiteral",
            "children": [
              {
                "kind": "TypeWitness",
                "name": "IntegerLiteralType",
                "printedName": "IntegerLiteralType",
                "children": [
                  {
                    "kind": "TypeNominal",
                    "name": "Int",
                    "printedName": "Swift.Int",
                    "usr": "s:Si"
                  }
                ]
              }
            ],
            "usr": "s:s27ExpressibleByIntegerLiteralP",
            "mangledName": "$ss27ExpressibleByIntegerLiteralP"
          }
        ]
      }
    ],
    "json_format_version": 8
  },
  "ConstValues": [
    {
      "filePath": "\/tmp\/swift-syntax\/Sources\/SwiftRefactor\/CallToTrailingClosures.swift",
      "kind": "IntegerLiteral",
      "offset": 1387,
      "length": 1,
      "value": "0"
    },
    {
      "filePath": "\/tmp\/swift-syntax\/Sources\/SwiftRefactor\/ExpandEditorPlaceholder.swift",
      "kind": "Array",
      "offset": 2376,
      "length": 2,
      "value": "[]"
    },
    {
      "filePath": "\/tmp\/swift-syntax\/Sources\/SwiftRefactor\/ExpandEditorPlaceholder.swift",
      "kind": "StringLiteral",
      "offset": 13109,
      "length": 4,
      "value": "\"<#\""
    },
    {
      "filePath": "\/tmp\/swift-syntax\/Sources\/SwiftRefactor\/ExpandEditorPlaceholder.swift",
      "kind": "StringLiteral",
      "offset": 13155,
      "length": 4,
      "value": "\"#>\""
    },
    {
      "filePath": "\/tmp\/swift-syntax\/Sources\/SwiftRefactor\/OpaqueParameterToGeneric.swift",
      "kind": "Array",
      "offset": 1191,
      "length": 2,
      "value": "[]"
    }
  ]
}